agent, com_failure, correction, run_time, idletime, good_drops, wrong_drops, rooms_entered
block com, 0.5, False, 83.781, 2.936, 1, 1, 10
block com, 0.5, False, 83.781, 3.526, 5, 0, 12
block com, 0.5, False, 83.781, 3.234, 0, 2, 11
block com, 0.5, False, 87.385, 3.372, 1, 2, 11
block com, 0.5, False, 87.385, 3.633, 3, 0, 10
block com, 0.5, False, 87.385, 3.384, 2, 1, 12
block com, 0.5, False, 85.525, 3.066, 1, 1, 12
block com, 0.5, False, 85.525, 3.235, 1, 1, 14
block com, 0.5, False, 85.525, 2.964, 4, 0, 12
block com, 0.5, False, 92.496, 3.446, 1, 1, 16
block com, 0.5, False, 92.496, 3.364, 4, 0, 12
block com, 0.5, False, 92.496, 3.404, 1, 2, 11
block com, 0.5, False, 85.299, 3.146, 2, 0, 12
block com, 0.5, False, 85.299, 3.49, 3, 0, 10
block com, 0.5, False, 85.299, 2.921, 1, 1, 11
block com, 0.5, False, 66.141, 2.502, 1, 0, 8
block com, 0.5, False, 66.141, 2.442, 4, 0, 9
block com, 0.5, False, 66.141, 2.426, 1, 0, 7
block com, 0.5, False, 81.175, 3.12, 5, 0, 10
block com, 0.5, False, 81.175, 3.256, 1, 1, 12
block com, 0.5, False, 81.175, 3.511, 0, 0, 11
block com, 0.5, False, 93.266, 3.464, 0, 2, 12
block com, 0.5, False, 93.266, 3.906, 1, 1, 15
block com, 0.5, False, 93.266, 3.735, 5, 0, 13
block com, 0.5, False, 72.003, 2.688, 1, 1, 10
block com, 0.5, False, 72.003, 2.876, 1, 0, 9
block com, 0.5, False, 72.003, 2.554, 4, 0, 9
block com, 0.5, False, 79.655, 2.702, 3, 0, 10
block com, 0.5, False, 79.655, 2.774, 0, 1, 11
block com, 0.5, False, 79.655, 2.941, 3, 1, 11
block com, 0.5, False, 88.342, 3.155, 0, 0, 12
block com, 0.5, False, 88.342, 3.324, 5, 0, 11
block com, 0.5, False, 88.342, 3.538, 1, 1, 12
block com, 0.5, False, 70.068, 2.72, 2, 0, 10
block com, 0.5, False, 70.068, 2.656, 1, 0, 10
block com, 0.5, False, 70.068, 3.001, 3, 0, 10
block com, 0.5, False, 74.716, 2.697, 2, 1, 9
block com, 0.5, False, 74.716, 2.797, 3, 0, 10
block com, 0.5, False, 74.716, 2.608, 1, 1, 9
block com, 0.5, False, 71.374, 2.796, 1, 2, 10
block com, 0.5, False, 71.374, 2.893, 2, 0, 10
block com, 0.5, False, 71.374, 2.921, 3, 0, 8
block com, 0.5, False, 107.962, 3.909, 2, 0, 14
block com, 0.5, False, 107.962, 3.844, 0, 1, 15
block com, 0.5, False, 107.962, 3.995, 4, 0, 14
block com, 0.5, False, 99.519, 4.136, 2, 1, 16
block com, 0.5, False, 99.519, 3.841, 0, 3, 14
block com, 0.5, False, 99.519, 3.806, 4, 0, 14
block com, 0.5, False, 91.61, 3.495, 3, 2, 11
block com, 0.5, False, 91.61, 3.452, 3, 1, 13
block com, 0.5, False, 91.61, 3.376, 0, 2, 12
block com, 0.5, False, 84.263, 3.04, 1, 0, 11
block com, 0.5, False, 84.263, 3.157, 0, 1, 12
block com, 0.5, False, 84.263, 3.322, 5, 0, 12
block com, 0.5, False, 90.945, 3.55, 5, 0, 13
block com, 0.5, False, 90.945, 3.445, 0, 0, 12
block com, 0.5, False, 90.945, 3.426, 1, 1, 12
block com, 0.5, False, 90.97, 3.401, 2, 2, 11
block com, 0.5, False, 90.97, 3.36, 3, 0, 9
block com, 0.5, False, 90.97, 3.133, 1, 2, 10
block com, 0.5, False, 54.933, 2.506, 4, 0, 9
block com, 0.5, False, 54.933, 2.261, 2, 1, 7
block com, 0.5, False, 54.933, 2.077, 0, 2, 7
block com, 0.5, False, 84.869, 3.288, 2, 1, 11
block com, 0.5, False, 84.869, 3.004, 2, 1, 12
block com, 0.5, False, 84.869, 3.084, 2, 0, 9
block com, 0.5, True, 84.944, 3.347, 4, 0, 12
block com, 0.5, True, 84.944, 3.489, 2, 0, 12
block com, 0.5, True, 84.944, 3.339, 0, 0, 10
block com, 0.5, True, 81.551, 3.336, 2, 0, 9
block com, 0.5, True, 81.551, 3.659, 0, 0, 14
block com, 0.5, True, 81.551, 3.537, 4, 0, 13
block com, 0.5, True, 109.752, 3.961, 0, 0, 20
block com, 0.5, True, 109.752, 3.857, 6, 0, 12
block com, 0.5, True, 109.752, 4.062, 0, 0, 20
block com, 0.5, True, 69.727, 2.499, 3, 0, 9
block com, 0.5, True, 69.727, 2.307, 1, 0, 7
block com, 0.5, True, 69.727, 2.963, 2, 0, 9
block com, 0.5, True, 102.296, 3.831, 4, 0, 12
block com, 0.5, True, 102.296, 3.519, 2, 0, 13
block com, 0.5, True, 102.296, 3.604, 0, 0, 15
block com, 0.5, True, 86.278, 3.288, 3, 0, 12
block com, 0.5, True, 86.278, 2.977, 2, 0, 11
block com, 0.5, True, 86.278, 2.941, 1, 0, 9
block com, 0.5, True, 107.193, 3.894, 3, 0, 15
block com, 0.5, True, 107.193, 5.982, 1, 0, 10
block com, 0.5, True, 107.193, 5.388, 2, 0, 9
block com, 0.5, True, 84.652, 3.641, 2, 0, 12
block com, 0.5, True, 84.652, 2.897, 4, 0, 11
block com, 0.5, True, 84.652, 3.124, 0, 0, 11
block com, 0.5, True, 82.388, 3.184, 4, 0, 13
block com, 0.5, True, 82.388, 2.881, 0, 0, 10
block com, 0.5, True, 82.388, 3.188, 2, 0, 13
block com, 0.5, True, 96.355, 3.748, 3, 0, 11
block com, 0.5, True, 96.355, 3.285, 3, 0, 11
block com, 0.5, True, 96.355, 3.369, 0, 0, 14
block com, 0.5, True, 92.079, 3.451, 3, 0, 11
block com, 0.5, True, 92.079, 3.666, 0, 0, 11
block com, 0.5, True, 92.079, 3.709, 3, 0, 13
block com, 0.5, True, 88.408, 3.299, 1, 0, 11
block com, 0.5, True, 88.408, 3.243, 3, 0, 13
block com, 0.5, True, 88.408, 3.429, 2, 0, 13
block com, 0.5, True, 70.5, 2.804, 4, 0, 9
block com, 0.5, True, 70.5, 2.854, 0, 0, 10
block com, 0.5, True, 70.5, 2.845, 2, 0, 11
block com, 0.5, True, 85.397, 3.131, 1, 0, 13
block com, 0.5, True, 85.397, 3.145, 2, 0, 11
block com, 0.5, True, 85.397, 3.296, 3, 0, 11
block com, 0.5, True, 90.586, 3.451, 0, 0, 15
block com, 0.5, True, 90.586, 3.549, 2, 0, 14
block com, 0.5, True, 90.586, 3.452, 4, 0, 11
block com, 0.5, True, 77.836, 2.992, 4, 0, 11
block com, 0.5, True, 77.836, 3.087, 0, 0, 12
block com, 0.5, True, 77.836, 3.01, 2, 0, 9
block com, 0.5, True, 75.305, 3.035, 2, 0, 10
block com, 0.5, True, 75.305, 2.965, 3, 0, 11
block com, 0.5, True, 75.305, 2.572, 1, 0, 9
block com, 0.5, True, 112.12, 4.256, 2, 0, 15
block com, 0.5, True, 112.12, 4.081, 3, 0, 16
block com, 0.5, True, 112.12, 3.783, 1, 0, 14
block com, 0.5, True, 97.865, 3.86, 0, 0, 14
block com, 0.5, True, 97.865, 4.116, 4, 0, 14
block com, 0.5, True, 97.865, 4.109, 2, 0, 14
block com, 0.5, True, 122.451, 4.285, 0, 0, 16
block com, 0.5, True, 122.451, 4.488, 1, 0, 19
block com, 0.5, True, 122.451, 4.64, 5, 0, 16
block com, 0.5, True, 92.827, 3.296, 2, 0, 12
block com, 0.5, True, 92.827, 3.576, 0, 0, 13
block com, 0.5, True, 92.827, 3.617, 4, 0, 11
block com, 0.5, True, 80.889, 2.77, 0, 0, 9
block com, 0.5, True, 80.889, 2.989, 5, 0, 10
block com, 0.5, True, 80.889, 3.096, 1, 0, 11
block com, 0.5, True, 97.009, 3.594, 1, 0, 13
block com, 0.5, True, 97.009, 3.704, 4, 0, 14
block com, 0.5, True, 97.009, 3.998, 1, 0, 15
block com, 0.5, True, 98.541, 3.898, 0, 0, 14
block com, 0.5, True, 98.541, 3.536, 0, 0, 13
block com, 0.5, True, 98.541, 3.778, 6, 0, 13
block com, 0.5, True, 85.491, 3.113, 0, 0, 11
block com, 0.5, True, 85.491, 2.943, 2, 0, 11
block com, 0.5, True, 85.491, 3.226, 4, 0, 11
block com, 0.5, True, 60.112, 1.882, 3, 0, 6
block com, 0.5, True, 60.112, 2.229, 0, 0, 7
block com, 0.5, True, 60.112, 2.421, 3, 0, 8
block com, 0.5, True, 69.514, 2.814, 3, 0, 9
block com, 0.5, True, 69.514, 2.426, 0, 0, 11
block com, 0.5, True, 69.514, 2.869, 3, 0, 10
block com, 0.5, True, 90.244, 3.436, 2, 0, 13
block com, 0.5, True, 90.244, 3.844, 1, 0, 14
block com, 0.5, True, 90.244, 3.083, 3, 0, 10
block com, 0.5, True, 88.269, 3.276, 2, 0, 10
block com, 0.5, True, 88.269, 3.283, 1, 0, 14
block com, 0.5, True, 88.269, 3.306, 3, 0, 12
block com, 0.5, True, 71.755, 2.935, 1, 0, 10
block com, 0.5, True, 71.755, 2.689, 1, 0, 9
block com, 0.5, True, 71.755, 2.763, 4, 0, 11
block com, 0.5, True, 88.297, 2.989, 4, 0, 11
block com, 0.5, True, 88.297, 3.11, 0, 0, 11
block com, 0.5, True, 88.297, 3.284, 2, 0, 10
block com, 0.5, True, 74.352, 3.139, 1, 0, 11
block com, 0.5, True, 74.352, 2.865, 2, 0, 10
block com, 0.5, True, 74.352, 2.848, 3, 0, 9
block com, 0.5, True, 73.673, 2.645, 2, 0, 10
block com, 0.5, True, 73.673, 3.196, 2, 0, 12
block com, 0.5, True, 73.673, 3.039, 2, 0, 9
block com, 0.5, True, 109.471, 3.669, 0, 0, 15
block com, 0.5, True, 109.471, 4.036, 5, 0, 14
block com, 0.5, True, 109.471, 4.196, 1, 0, 14
block com, 0.5, True, 102.664, 3.754, 2, 0, 13
block com, 0.5, True, 102.664, 4.018, 2, 0, 13
block com, 0.5, True, 102.664, 3.694, 2, 0, 12
block com, 0.5, True, 78.984, 2.784, 1, 0, 11
block com, 0.5, True, 78.984, 2.88, 4, 0, 11
block com, 0.5, True, 78.984, 2.938, 1, 0, 12
block com, 0.5, True, 94.08, 3.736, 1, 0, 12
block com, 0.5, True, 94.08, 3.864, 5, 0, 13
block com, 0.5, True, 94.08, 3.483, 0, 0, 12
block com, 0.5, True, 86.592, 3.273, 1, 0, 12
block com, 0.5, True, 86.592, 3.243, 0, 0, 13
block com, 0.5, True, 86.592, 3.262, 5, 0, 10
block com, 0.5, True, 94.762, 3.382, 0, 0, 12
block com, 0.5, True, 94.762, 3.886, 4, 0, 13
block com, 0.5, True, 94.762, 3.57, 2, 0, 12
block com, 0.5, True, 94.502, 3.744, 2, 0, 13
block com, 0.5, True, 94.502, 3.666, 0, 0, 11
block com, 0.5, True, 94.502, 3.711, 4, 0, 11
block com, 0.5, True, 70.495, 2.619, 2, 0, 11
block com, 0.5, True, 70.495, 3.106, 4, 0, 11
block com, 0.5, True, 70.495, 2.766, 0, 0, 9
block com, 0.5, True, 101.033, 3.649, 2, 0, 12
block com, 0.5, True, 101.033, 3.822, 1, 0, 11
block com, 0.5, True, 101.033, 3.632, 3, 0, 13
block com, 0.5, True, 92.07, 6.77, 3, 0, 11
block com, 0.5, True, 92.07, 3.957, 3, 0, 12
block com, 0.5, True, 92.07, 3.874, 0, 0, 11
block com, 0.5, True, 84.355, 3.435, 0, 0, 12
block com, 0.5, True, 84.355, 3.37, 1, 0, 10
block com, 0.5, True, 84.355, 3.742, 5, 0, 11
block com, 0.5, True, 95.557, 3.876, 0, 0, 13
block com, 0.5, True, 95.557, 4.19, 5, 0, 13
block com, 0.5, True, 95.557, 3.644, 1, 0, 12
block com, 0.5, True, 87.112, 3.292, 4, 0, 10
block com, 0.5, True, 87.112, 3.631, 1, 0, 11
block com, 0.5, True, 87.112, 3.657, 1, 0, 10
block com, 0.5, True, 130.226, 5.121, 4, 0, 12
block com, 0.5, True, 130.226, 5.027, 2, 0, 15
block com, 0.5, True, 130.226, 5.939, 0, 0, 13
block com, 0.5, True, 100.54, 3.877, 2, 0, 12
block com, 0.5, True, 100.54, 4.332, 1, 0, 12
block com, 0.5, True, 100.54, 4.203, 3, 0, 11
block com, 0.5, True, 86.251, 3.803, 4, 0, 11
block com, 0.5, True, 86.251, 3.031, 2, 0, 9
block com, 0.5, True, 86.251, 3.462, 0, 0, 10
block com, 0.5, True, 110.002, 4.142, 5, 0, 12
block com, 0.5, True, 110.002, 6.486, 0, 0, 7
block com, 0.5, True, 110.002, 7.472, 1, 0, 8
block com, 0, True, 88.003, 3.793, 3, 0, 11
block com, 0, True, 88.003, 3.436, 1, 0, 10
block com, 0, True, 88.003, 3.739, 2, 0, 12
block com, 0, True, 98.048, 3.598, 0, 0, 13
block com, 0, True, 98.048, 3.708, 2, 0, 13
block com, 0, True, 98.048, 3.768, 4, 0, 14
block com, 0, True, 65.322, 2.422, 2, 0, 9
block com, 0, True, 65.322, 2.856, 3, 0, 9
block com, 0, True, 65.322, 2.209, 1, 0, 9
block com, 0, True, 77.481, 2.995, 3, 0, 11
block com, 0, True, 77.481, 3.067, 0, 0, 11
block com, 0, True, 77.481, 2.831, 3, 0, 10
block com, 0, True, 86.002, 3.099, 3, 0, 10
block com, 0, True, 86.002, 3.203, 0, 0, 11
block com, 0, True, 86.002, 3.109, 3, 0, 12
block com, 0, True, 94.752, 3.716, 1, 0, 13
block com, 0, True, 94.752, 3.34, 2, 0, 12
block com, 0, True, 94.752, 3.72, 3, 0, 14
block com, 0, True, 75.767, 3.121, 3, 0, 10
block com, 0, True, 75.767, 2.891, 1, 0, 11
block com, 0, True, 75.767, 2.919, 2, 0, 11
block com, 0, True, 62.192, 2.902, 5, 0, 10
block com, 0, True, 62.192, 2.34, 1, 0, 9
block com, 0, True, 62.192, 2.314, 0, 0, 9
block com, 0, True, 75.633, 3.009, 3, 0, 10
block com, 0, True, 75.633, 3.076, 1, 0, 9
block com, 0, True, 75.633, 2.896, 2, 0, 10
block com, 0, True, 88.064, 3.757, 0, 0, 13
block com, 0, True, 88.064, 3.181, 4, 0, 11
block com, 0, True, 88.064, 3.637, 2, 0, 12
block com, 0, True, 86.378, 3.505, 2, 0, 11
block com, 0, True, 86.378, 3.366, 2, 0, 14
block com, 0, True, 86.378, 3.599, 2, 0, 11
block com, 0, True, 87.45, 3.246, 1, 0, 12
block com, 0, True, 87.45, 3.742, 4, 0, 12
block com, 0, True, 87.45, 3.404, 1, 0, 12
block com, 0, True, 74.504, 3.037, 2, 0, 10
block com, 0, True, 74.504, 2.557, 1, 0, 11
block com, 0, True, 74.504, 2.657, 3, 0, 9
block com, 0, True, 85.418, 3.261, 2, 0, 12
block com, 0, True, 85.418, 3.317, 1, 0, 11
block com, 0, True, 85.418, 3.242, 3, 0, 11
block com, 0, True, 79.408, 3.624, 1, 0, 11
block com, 0, True, 79.408, 3.425, 0, 0, 12
block com, 0, True, 79.408, 3.26, 5, 0, 12
block com, 0, True, 67.762, 2.995, 5, 0, 10
block com, 0, True, 67.762, 2.314, 1, 0, 9
block com, 0, True, 67.762, 2.153, 0, 0, 9
block com, 0, True, 80.683, 3.157, 5, 0, 11
block com, 0, True, 80.683, 3.022, 1, 0, 10
block com, 0, True, 80.683, 2.928, 0, 0, 11
block com, 0, True, 79.786, 2.858, 2, 0, 11
block com, 0, True, 79.786, 2.951, 4, 0, 9
block com, 0, True, 79.786, 2.92, 0, 0, 9
block com, 0, True, 63.297, 2.457, 1, 0, 9
block com, 0, True, 63.297, 2.41, 2, 0, 8
block com, 0, True, 63.297, 2.477, 3, 0, 10
block com, 0, True, 100.122, 3.997, 4, 0, 13
block com, 0, True, 100.122, 3.336, 2, 0, 12
block com, 0, True, 100.122, 3.612, 0, 0, 12
block com, 0, True, 79.913, 4.208, 1, 0, 7
block com, 0, True, 79.913, 2.843, 3, 0, 10
block com, 0, True, 79.913, 3.281, 2, 0, 12
block com, 0, True, 63.814, 2.697, 2, 0, 9
block com, 0, True, 63.814, 2.358, 1, 0, 8
block com, 0, True, 63.814, 2.58, 3, 0, 9
block com, 0, True, 63.102, 2.422, 2, 0, 8
block com, 0, True, 63.102, 2.717, 1, 0, 10
block com, 0, True, 63.102, 2.347, 3, 0, 9
block com, 0, True, 87.151, 3.15, 1, 0, 12
block com, 0, True, 87.151, 3.525, 3, 0, 11
block com, 0, True, 87.151, 3.594, 2, 0, 14
block com, 0, True, 94.503, 3.698, 2, 0, 13
block com, 0, True, 94.503, 3.778, 0, 0, 11
block com, 0, True, 94.503, 3.543, 4, 0, 11
block com, 0, True, 81.744, 3.167, 1, 0, 11
block com, 0, True, 81.744, 3.098, 4, 0, 11
block com, 0, True, 81.744, 2.931, 1, 0, 8
block com, 0, True, 62.809, 2.528, 2, 0, 8
block com, 0, True, 62.809, 2.19, 1, 0, 10
block com, 0, True, 62.809, 2.298, 3, 0, 8
block com, 0, True, 83.218, 3.371, 5, 0, 13
block com, 0, True, 83.218, 3.886, 0, 0, 8
block com, 0, True, 83.218, 3.388, 1, 0, 10
block com, 0, True, 98.344, 3.547, 1, 0, 13
block com, 0, True, 98.344, 4.186, 3, 0, 14
block com, 0, True, 98.344, 4.202, 2, 0, 14
block com, 0, True, 83.1, 3.309, 3, 0, 12
block com, 0, True, 83.1, 3.205, 2, 0, 12
block com, 0, True, 83.1, 3.062, 1, 0, 11
block com, 0, True, 77.015, 2.641, 3, 0, 8
block com, 0, True, 77.015, 2.697, 1, 0, 8
block com, 0, True, 77.015, 2.539, 2, 0, 9
block com, 0, True, 121.977, 4.071, 4, 0, 15
block com, 0, True, 121.977, 4.486, 1, 0, 15
block com, 0, True, 121.977, 4.312, 1, 0, 17
block com, 0, True, 89.56, 3.241, 2, 0, 9
block com, 0, True, 89.56, 3.533, 2, 0, 11
block com, 0, True, 89.56, 3.205, 2, 0, 11
block com, 0, True, 85.281, 3.242, 2, 0, 11
block com, 0, True, 85.281, 3.203, 2, 0, 11
block com, 0, True, 85.281, 3.062, 2, 0, 10
block com, 0, True, 95.227, 3.767, 2, 0, 13
block com, 0, True, 95.227, 3.121, 2, 0, 11
block com, 0, True, 95.227, 3.406, 2, 0, 12
block com, 0, True, 68.062, 2.362, 2, 0, 9
block com, 0, True, 68.062, 2.491, 3, 0, 8
block com, 0, True, 68.062, 2.679, 1, 0, 9
block com, 0, True, 98.156, 3.941, 1, 0, 14
block com, 0, True, 98.156, 3.472, 2, 0, 13
block com, 0, True, 98.156, 3.64, 3, 0, 15
block com, 0, True, 92.071, 3.932, 1, 0, 11
block com, 0, True, 92.071, 3.48, 2, 0, 11
block com, 0, True, 92.071, 3.593, 3, 0, 12
block com, 0, True, 77.207, 2.78, 2, 0, 9
block com, 0, True, 77.207, 2.677, 1, 0, 10
block com, 0, True, 77.207, 2.886, 3, 0, 11
block com, 0, True, 93.274, 3.387, 2, 0, 11
block com, 0, True, 93.274, 3.261, 3, 0, 11
block com, 0, True, 93.274, 8.838, 1, 0, 8
block com, 0, True, 71.231, 2.602, 3, 0, 10
block com, 0, True, 71.231, 2.594, 2, 0, 9
block com, 0, True, 71.231, 2.916, 1, 0, 8
block com, 0, True, 82.243, 3.567, 3, 0, 11
block com, 0, True, 82.243, 3.202, 3, 0, 13
block com, 0, True, 82.243, 2.887, 0, 0, 11
block com, 0, True, 81.689, 3.361, 5, 0, 12
block com, 0, True, 81.689, 3.422, 1, 0, 11
block com, 0, True, 81.689, 3.203, 0, 0, 11
block com, 0, True, 61.538, 1.992, 1, 0, 8
block com, 0, True, 61.538, 2.212, 1, 0, 8
block com, 0, True, 61.538, 2.423, 4, 0, 9
block com, 0, True, 79.754, 3.12, 1, 0, 12
block com, 0, True, 79.754, 2.89, 5, 0, 11
block com, 0, True, 79.754, 3.229, 0, 0, 11
block com, 0, True, 76.195, 3.099, 1, 0, 10
block com, 0, True, 76.195, 2.789, 3, 0, 10
block com, 0, True, 76.195, 2.76, 2, 0, 10
block com, 0, True, 82.633, 3.116, 4, 0, 10
block com, 0, True, 82.633, 2.97, 1, 0, 12
block com, 0, True, 82.633, 3.134, 1, 0, 10
block com, 0, True, 92.534, 3.382, 2, 0, 15
block com, 0, True, 92.534, 3.382, 3, 0, 12
block com, 0, True, 92.534, 3.521, 1, 0, 12
block com, 0.05, True, 104.779, 4.005, 6, 0, 13
block com, 0.05, True, 104.779, 4.312, 0, 0, 15
block com, 0.05, True, 104.779, 4.156, 0, 0, 14
block com, 0.05, True, 103.13, 3.713, 0, 0, 14
block com, 0.05, True, 103.13, 3.988, 0, 0, 13
block com, 0.05, True, 103.13, 3.809, 6, 0, 14
block com, 0.05, True, 73.528, 2.974, 3, 0, 10
block com, 0.05, True, 73.528, 2.752, 2, 0, 10
block com, 0.05, True, 73.528, 2.689, 1, 0, 9
block com, 0.05, True, 97.171, 3.844, 5, 0, 13
block com, 0.05, True, 97.171, 3.525, 0, 0, 11
block com, 0.05, True, 97.171, 3.314, 1, 0, 11
block com, 0.05, True, 96.756, 3.489, 2, 0, 12
block com, 0.05, True, 96.756, 3.406, 3, 0, 13
block com, 0.05, True, 96.756, 3.431, 1, 0, 13
block com, 0.05, True, 74.527, 2.917, 0, 0, 9
block com, 0.05, True, 74.527, 2.937, 1, 0, 10
block com, 0.05, True, 74.527, 2.853, 5, 0, 10
block com, 0.05, True, 88.351, 3.649, 4, 0, 13
block com, 0.05, True, 88.351, 3.371, 2, 0, 15
block com, 0.05, True, 88.351, 3.192, 0, 0, 10
block com, 0.05, True, 91.618, 3.279, 2, 0, 14
block com, 0.05, True, 91.618, 3.311, 2, 0, 13
block com, 0.05, True, 91.618, 3.861, 2, 0, 14
block com, 0.05, True, 103.235, 3.849, 0, 0, 16
block com, 0.05, True, 103.235, 3.76, 1, 0, 16
block com, 0.05, True, 103.235, 3.926, 5, 0, 15
block com, 0.05, True, 98.887, 3.537, 3, 0, 11
block com, 0.05, True, 98.887, 4.083, 1, 0, 13
block com, 0.05, True, 98.887, 3.66, 2, 0, 12
block com, 0.05, True, 86.599, 3.727, 4, 0, 13
block com, 0.05, True, 86.599, 3.636, 2, 0, 14
block com, 0.05, True, 86.599, 3.477, 0, 0, 12
block com, 0.05, True, 91.376, 3.487, 1, 0, 12
block com, 0.05, True, 91.376, 3.378, 2, 0, 15
block com, 0.05, True, 91.376, 3.145, 3, 0, 11
block com, 0.05, True, 89.552, 3.141, 0, 0, 11
block com, 0.05, True, 89.552, 3.163, 5, 0, 11
block com, 0.05, True, 89.552, 3.465, 1, 0, 12
block com, 0.05, True, 97.788, 3.826, 2, 0, 15
block com, 0.05, True, 97.788, 3.956, 3, 0, 13
block com, 0.05, True, 97.788, 3.814, 1, 0, 16
block com, 0.05, True, 85.388, 3.402, 3, 0, 13
block com, 0.05, True, 85.388, 3.13, 1, 0, 10
block com, 0.05, True, 85.388, 3.098, 2, 0, 11
block com, 0.05, True, 78.031, 3.158, 0, 0, 11
block com, 0.05, True, 78.031, 3.031, 5, 0, 11
block com, 0.05, True, 78.031, 2.756, 1, 0, 11
block com, 0.05, True, 97.793, 3.567, 4, 0, 13
block com, 0.05, True, 97.793, 3.324, 1, 0, 13
block com, 0.05, True, 97.793, 3.983, 1, 0, 14
block com, 0.05, True, 94.132, 3.898, 4, 0, 13
block com, 0.05, True, 94.132, 3.999, 2, 0, 15
block com, 0.05, True, 94.132, 3.305, 0, 0, 13
block com, 0.05, True, 100.721, 3.793, 3, 0, 13
block com, 0.05, True, 100.721, 3.761, 2, 0, 14
block com, 0.05, True, 100.721, 3.808, 1, 0, 14
block com, 0.05, True, 80.996, 2.896, 5, 0, 10
block com, 0.05, True, 80.996, 3.113, 1, 0, 11
block com, 0.05, True, 80.996, 3.201, 0, 0, 11
block com, 0.05, True, 84.113, 3.275, 5, 0, 11
block com, 0.05, True, 84.113, 3.199, 0, 0, 12
block com, 0.05, True, 84.113, 3.053, 1, 0, 11
block com, 0.05, True, 82.772, 3.254, 6, 0, 12
block com, 0.05, True, 82.772, 3.197, 0, 0, 11
block com, 0.05, True, 82.772, 2.977, 0, 0, 11
block com, 0.05, True, 80.392, 2.821, 3, 0, 9
block com, 0.05, True, 80.392, 2.798, 1, 0, 11
block com, 0.05, True, 80.392, 2.843, 2, 0, 11
block com, 0.05, True, 97.039, 3.828, 4, 0, 14
block com, 0.05, True, 97.039, 3.624, 0, 0, 14
block com, 0.05, True, 97.039, 3.159, 2, 0, 12
block com, 0.05, True, 95.557, 3.484, 3, 0, 11
block com, 0.05, True, 95.557, 3.442, 1, 0, 12
block com, 0.05, True, 95.557, 3.56, 2, 0, 14
block com, 0.05, True, 92.398, 3.518, 2, 0, 12
block com, 0.05, True, 92.398, 3.453, 3, 0, 10
block com, 0.05, True, 92.398, 3.556, 1, 0, 13
block com, 0.05, True, 85.704, 2.762, 1, 0, 9
block com, 0.05, True, 85.704, 3.213, 0, 0, 11
block com, 0.05, True, 85.704, 3.278, 5, 0, 10
block com, 0.05, True, 92.422, 3.483, 2, 0, 13
block com, 0.05, True, 92.422, 3.654, 0, 0, 12
block com, 0.05, True, 92.422, 3.554, 4, 0, 13
block com, 0.05, True, 93.23, 3.349, 0, 0, 12
block com, 0.05, True, 93.23, 3.574, 6, 0, 12
block com, 0.05, True, 93.23, 3.457, 0, 0, 15
block com, 0.05, True, 85.338, 3.108, 4, 0, 11
block com, 0.05, True, 85.338, 2.832, 2, 0, 11
block com, 0.05, True, 85.338, 2.943, 0, 0, 9
block com, 0.05, True, 88.602, 3.768, 4, 0, 12
block com, 0.05, True, 88.602, 3.127, 0, 0, 13
block com, 0.05, True, 88.602, 3.418, 2, 0, 11
block com, 0.05, True, 117.934, 4.139, 5, 0, 14
block com, 0.05, True, 117.934, 4.196, 0, 0, 16
block com, 0.05, True, 117.934, 4.487, 1, 0, 13
block com, 0.05, True, 100.846, 3.967, 2, 0, 15
block com, 0.05, True, 100.846, 3.794, 1, 0, 14
block com, 0.05, True, 100.846, 3.883, 3, 0, 13
block com, 0.05, True, 88.24, 3.367, 4, 0, 10
block com, 0.05, True, 88.24, 3.263, 0, 0, 13
block com, 0.05, True, 88.24, 3.148, 2, 0, 12
block com, 0.05, True, 84.598, 3.13, 3, 0, 10
block com, 0.05, True, 84.598, 2.884, 0, 0, 11
block com, 0.05, True, 84.598, 2.845, 3, 0, 11
block com, 0.05, True, 78.707, 3.044, 5, 0, 11
block com, 0.05, True, 78.707, 3.237, 1, 0, 11
block com, 0.05, True, 78.707, 3.158, 0, 0, 11
block com, 0.05, True, 87.507, 3.113, 1, 0, 10
block com, 0.05, True, 87.507, 3.159, 2, 0, 12
block com, 0.05, True, 87.507, 3.241, 3, 0, 12
block com, 0.05, True, 82.838, 3.186, 0, 0, 11
block com, 0.05, True, 82.838, 3.165, 4, 0, 12
block com, 0.05, True, 82.838, 3.136, 2, 0, 10
block com, 0.05, True, 101.836, 3.822, 4, 0, 11
block com, 0.05, True, 101.836, 3.736, 0, 0, 13
block com, 0.05, True, 101.836, 3.551, 2, 0, 12
block com, 0.05, True, 80.755, 3.404, 2, 0, 13
block com, 0.05, True, 80.755, 3.925, 2, 0, 9
block com, 0.05, True, 80.755, 3.262, 2, 0, 11
block com, 0.05, True, 85.728, 3.08, 4, 0, 11
block com, 0.05, True, 85.728, 3.001, 0, 0, 10
block com, 0.05, True, 85.728, 3.404, 2, 0, 10
block com, 0.05, True, 91.568, 3.243, 2, 0, 12
block com, 0.05, True, 91.568, 3.313, 4, 0, 10
block com, 0.05, True, 91.568, 3.299, 0, 0, 10
block com, 0.05, True, 89.951, 3.445, 2, 0, 12
block com, 0.05, True, 89.951, 3.396, 3, 0, 13
block com, 0.05, True, 89.951, 3.38, 1, 0, 11
block com, 0.05, True, 71.918, 2.762, 0, 0, 10
block com, 0.05, True, 71.918, 2.607, 2, 0, 9
block com, 0.05, True, 71.918, 2.903, 4, 0, 10
block com, 0.05, True, 102.128, 3.885, 6, 0, 15
block com, 0.05, True, 102.128, 3.797, 0, 0, 13
block com, 0.05, True, 102.128, 3.577, 0, 0, 16
block com, 0.05, True, 77.037, 2.966, 3, 0, 9
block com, 0.05, True, 77.037, 2.935, 2, 0, 11
block com, 0.05, True, 77.037, 3.023, 1, 0, 10
block com, 0.05, True, 104.477, 3.766, 0, 0, 16
block com, 0.05, True, 104.477, 3.465, 1, 0, 11
block com, 0.05, True, 104.477, 4.0, 5, 0, 15
block com, 0.05, True, 109.153, 4.099, 5, 0, 15
block com, 0.05, True, 109.153, 3.97, 1, 0, 16
block com, 0.05, True, 109.153, 4.106, 0, 0, 14
block com, 0.05, True, 91.307, 3.237, 2, 0, 11
block com, 0.05, True, 91.307, 3.544, 3, 0, 11
block com, 0.05, True, 91.307, 3.285, 1, 0, 14
block com, 0.05, True, 109.568, 3.739, 6, 0, 13
block com, 0.05, True, 109.568, 4.156, 0, 0, 15
block com, 0.05, True, 109.568, 4.019, 0, 0, 16
simple team, 0.5, False, 86.296, 3.163, 2, 0, 13
simple team, 0.5, False, 86.296, 3.429, 2, 0, 12
simple team, 0.5, False, 86.296, 3.651, 2, 0, 12
simple team, 0.5, False, 95.257, 3.0, 1, 0, 13
simple team, 0.5, False, 95.257, 3.448, 1, 0, 16
simple team, 0.5, False, 95.257, 3.635, 4, 0, 13
simple team, 0.5, False, 83.159, 3.366, 3, 1, 12
simple team, 0.5, False, 83.159, 3.135, 2, 0, 11
simple team, 0.5, False, 83.159, 2.919, 1, 0, 11
simple team, 0.5, False, 80.365, 2.94, 2, 0, 12
simple team, 0.5, False, 80.365, 3.195, 2, 0, 12
simple team, 0.5, False, 80.365, 2.998, 2, 1, 10
simple team, 0.5, False, 76.018, 2.896, 2, 2, 10
simple team, 0.5, False, 76.018, 2.695, 3, 0, 9
simple team, 0.5, False, 76.018, 2.896, 1, 0, 11
simple team, 0.5, False, 67.135, 2.552, 2, 1, 8
simple team, 0.5, False, 67.135, 2.391, 2, 0, 8
simple team, 0.5, False, 67.135, 2.935, 2, 1, 10
simple team, 0.5, False, 63.025, 2.375, 3, 0, 8
simple team, 0.5, False, 63.025, 2.291, 2, 2, 8
simple team, 0.5, False, 63.025, 2.379, 1, 1, 9
simple team, 0.5, False, 129.433, 4.466, 5, 0, 17
simple team, 0.5, False, 129.433, 4.642, 0, 1, 19
simple team, 0.5, False, 129.433, 5.086, 1, 2, 20
simple team, 0.5, False, 107.05, 3.801, 0, 2, 16
simple team, 0.5, False, 107.05, 3.893, 1, 1, 13
simple team, 0.5, False, 107.05, 3.583, 5, 0, 13
simple team, 0.5, False, 101.529, 3.725, 2, 0, 15
simple team, 0.5, False, 101.529, 3.743, 0, 0, 12
simple team, 0.5, False, 101.529, 3.443, 4, 0, 13
simple team, 0.5, False, 76.882, 2.962, 1, 0, 10
simple team, 0.5, False, 76.882, 3.288, 2, 1, 10
simple team, 0.5, False, 76.882, 2.799, 3, 0, 10
simple team, 0.5, False, 76.76, 2.996, 3, 0, 11
simple team, 0.5, False, 76.76, 2.656, 2, 2, 9
simple team, 0.5, False, 76.76, 2.782, 1, 1, 10
simple team, 0.5, False, 79.738, 2.719, 5, 0, 10
simple team, 0.5, False, 79.738, 3.195, 1, 1, 13
simple team, 0.5, False, 79.738, 3.099, 0, 3, 11
simple team, 0.5, False, 86.031, 3.206, 3, 1, 12
simple team, 0.5, False, 86.031, 3.24, 1, 1, 11
simple team, 0.5, False, 86.031, 3.265, 2, 1, 12
simple team, 0.5, False, 89.898, 3.379, 1, 3, 13
simple team, 0.5, False, 89.898, 2.995, 0, 2, 9
simple team, 0.5, False, 89.898, 3.217, 5, 0, 11
simple team, 0.5, False, 84.429, 3.076, 2, 2, 9
simple team, 0.5, False, 84.429, 3.193, 1, 2, 11
simple team, 0.5, False, 84.429, 3.021, 3, 1, 10
simple team, 0.5, False, 90.214, 7.252, 1, 0, 10
simple team, 0.5, False, 90.214, 3.221, 2, 0, 13
simple team, 0.5, False, 90.214, 3.217, 3, 0, 10
simple team, 0.5, False, 73.09, 2.731, 1, 0, 11
simple team, 0.5, False, 73.09, 2.654, 2, 1, 9
simple team, 0.5, False, 73.09, 3.002, 3, 0, 9
simple team, 0.5, True, 87.815, 3.611, 4, 0, 13
simple team, 0.5, True, 87.815, 4.599, 0, 0, 7
simple team, 0.5, True, 87.815, 3.557, 2, 0, 12
simple team, 0.5, True, 90.062, 3.134, 3, 0, 11
simple team, 0.5, True, 90.062, 3.261, 0, 0, 10
simple team, 0.5, True, 90.062, 3.809, 3, 0, 13
simple team, 0.5, True, 87.835, 3.052, 4, 0, 11
simple team, 0.5, True, 87.835, 3.37, 1, 0, 12
simple team, 0.5, True, 87.835, 2.951, 1, 0, 9
simple team, 0.5, True, 64.146, 2.297, 2, 0, 10
simple team, 0.5, True, 64.146, 2.587, 4, 0, 10
simple team, 0.5, True, 64.146, 2.472, 0, 0, 8
simple team, 0.5, True, 75.528, 2.841, 1, 0, 9
simple team, 0.5, True, 75.528, 3.113, 3, 0, 11
simple team, 0.5, True, 75.528, 2.672, 2, 0, 8
simple team, 0.5, True, 95.004, 3.569, 0, 0, 12
simple team, 0.5, True, 95.004, 3.604, 3, 0, 13
simple team, 0.5, True, 95.004, 3.328, 3, 0, 11
simple team, 0.5, True, 121.051, 4.257, 1, 0, 18
simple team, 0.5, True, 121.051, 4.301, 2, 0, 16
simple team, 0.5, True, 121.051, 4.579, 3, 0, 16
simple team, 0.5, True, 74.481, 2.602, 2, 0, 9
simple team, 0.5, True, 74.481, 2.676, 4, 0, 10
simple team, 0.5, True, 74.481, 2.736, 0, 0, 9
simple team, 0.5, True, 87.27, 3.625, 4, 0, 11
simple team, 0.5, True, 87.27, 3.178, 2, 0, 11
simple team, 0.5, True, 87.27, 3.391, 0, 0, 12
simple team, 0.5, True, 73.603, 2.842, 3, 0, 11
simple team, 0.5, True, 73.603, 2.81, 1, 0, 10
simple team, 0.5, True, 73.603, 2.942, 2, 0, 9
simple team, 0.5, True, 89.732, 3.171, 2, 0, 11
simple team, 0.5, True, 89.732, 3.266, 2, 0, 10
simple team, 0.5, True, 89.732, 3.252, 2, 0, 12
simple team, 0.5, True, 95.467, 3.396, 2, 0, 13
simple team, 0.5, True, 95.467, 3.713, 0, 0, 13
simple team, 0.5, True, 95.467, 3.626, 4, 0, 13
simple team, 0.5, True, 93.804, 3.216, 3, 0, 10
simple team, 0.5, True, 93.804, 3.4, 0, 0, 12
simple team, 0.5, True, 93.804, 3.767, 3, 0, 14
simple team, 0.5, True, 67.756, 2.224, 1, 0, 9
simple team, 0.5, True, 67.756, 2.437, 2, 0, 7
simple team, 0.5, True, 67.756, 3.14, 3, 0, 11
simple team, 0.5, True, 89.342, 3.417, 4, 0, 13
simple team, 0.5, True, 89.342, 3.094, 1, 0, 16
simple team, 0.5, True, 89.342, 3.266, 1, 0, 12
simple team, 0.5, True, 99.249, 3.969, 0, 0, 14
simple team, 0.5, True, 99.249, 3.526, 2, 0, 12
simple team, 0.5, True, 99.249, 3.768, 4, 0, 12
simple team, 0.5, True, 102.262, 3.912, 2, 0, 14
simple team, 0.5, True, 102.262, 3.336, 3, 0, 12
simple team, 0.5, True, 102.262, 4.006, 1, 0, 15
simple team, 0.5, True, 85.217, 3.202, 4, 0, 12
simple team, 0.5, True, 85.217, 4.438, 1, 0, 11
simple team, 0.5, True, 85.217, 3.754, 1, 0, 12
simple team, 0.5, True, 99.342, 3.462, 2, 0, 11
simple team, 0.5, True, 99.342, 3.678, 2, 0, 14
simple team, 0.5, True, 99.342, 3.972, 2, 0, 15
simple team, 0.5, True, 100.118, 3.742, 1, 0, 13
simple team, 0.5, True, 100.118, 3.935, 2, 0, 13
simple team, 0.5, True, 100.118, 3.633, 3, 0, 13
simple team, 0.5, True, 95.608, 3.868, 0, 0, 12
simple team, 0.5, True, 95.608, 3.579, 1, 0, 13
simple team, 0.5, True, 95.608, 4.015, 5, 0, 13
simple team, 0.5, True, 95.902, 3.31, 3, 0, 10
simple team, 0.5, True, 95.902, 3.572, 0, 0, 15
simple team, 0.5, True, 95.902, 3.295, 3, 0, 12
simple team, 0.5, True, 83.937, 3.431, 4, 0, 12
simple team, 0.5, True, 83.937, 2.877, 1, 0, 9
simple team, 0.5, True, 83.937, 3.005, 1, 0, 12
simple team, 0.5, True, 83.82, 3.166, 4, 0, 13
simple team, 0.5, True, 83.82, 3.15, 0, 0, 11
simple team, 0.5, True, 83.82, 2.968, 2, 0, 12
simple team, 0.5, True, 107.038, 4.086, 3, 0, 15
simple team, 0.5, True, 107.038, 4.046, 2, 0, 14
simple team, 0.5, True, 107.038, 3.902, 1, 0, 15
simple team, 0.5, True, 65.318, 2.801, 3, 0, 9
simple team, 0.5, True, 65.318, 2.397, 1, 0, 8
simple team, 0.5, True, 65.318, 2.787, 2, 0, 9
simple team, 0.5, True, 95.436, 3.709, 2, 0, 12
simple team, 0.5, True, 95.436, 3.424, 4, 0, 15
simple team, 0.5, True, 95.436, 3.307, 0, 0, 12
simple team, 0.5, True, 81.479, 3.412, 3, 0, 13
simple team, 0.5, True, 81.479, 3.24, 1, 0, 11
simple team, 0.5, True, 81.479, 3.326, 2, 0, 11
simple team, 0.5, True, 114.117, 4.128, 4, 0, 15
simple team, 0.5, True, 114.117, 4.476, 2, 0, 17
simple team, 0.5, True, 114.117, 4.641, 0, 0, 16
simple team, 0.5, True, 101.747, 3.771, 6, 0, 13
simple team, 0.5, True, 101.747, 3.689, 0, 0, 13
simple team, 0.5, True, 101.747, 3.684, 0, 0, 14
simple team, 0.5, True, 129.351, 4.9, 4, 0, 18
simple team, 0.5, True, 129.351, 4.949, 1, 0, 20
simple team, 0.5, True, 129.351, 4.602, 1, 0, 19
simple team, 0.5, True, 87.933, 3.225, 1, 0, 12
simple team, 0.5, True, 87.933, 3.279, 1, 0, 15
simple team, 0.5, True, 87.933, 3.166, 4, 0, 12
simple team, 0.5, True, 98.366, 3.865, 0, 0, 12
simple team, 0.5, True, 98.366, 3.584, 4, 0, 12
simple team, 0.5, True, 98.366, 3.868, 2, 0, 15
simple team, 0.5, True, 92.784, 3.44, 1, 0, 11
simple team, 0.5, True, 92.784, 3.499, 3, 0, 13
simple team, 0.5, True, 92.784, 3.199, 2, 0, 12
simple team, 0.5, True, 91.243, 3.393, 3, 0, 11
simple team, 0.5, True, 91.243, 3.187, 1, 0, 12
simple team, 0.5, True, 91.243, 3.601, 2, 0, 12
simple team, 0.5, True, 91.359, 3.621, 2, 0, 12
simple team, 0.5, True, 91.359, 3.376, 3, 0, 13
simple team, 0.5, True, 91.359, 3.156, 1, 0, 11
simple team, 0.5, True, 104.825, 3.877, 1, 0, 11
simple team, 0.5, True, 104.825, 3.691, 0, 0, 14
simple team, 0.5, True, 104.825, 4.083, 5, 0, 16
simple team, 0.5, True, 91.473, 3.425, 1, 0, 15
simple team, 0.5, True, 91.473, 3.491, 1, 0, 12
simple team, 0.5, True, 91.473, 3.394, 4, 0, 11
simple team, 0.5, True, 99.382, 3.616, 1, 0, 14
simple team, 0.5, True, 99.382, 3.634, 3, 0, 11
simple team, 0.5, True, 99.382, 3.731, 2, 0, 13
simple team, 0.5, True, 86.75, 3.249, 3, 0, 11
simple team, 0.5, True, 86.75, 3.246, 0, 0, 12
simple team, 0.5, True, 86.75, 3.394, 3, 0, 13
simple team, 0.5, True, 81.917, 3.288, 2, 0, 13
simple team, 0.5, True, 81.917, 2.985, 0, 0, 10
simple team, 0.5, True, 81.917, 3.044, 4, 0, 12
simple team, 0.5, True, 72.28, 2.599, 3, 0, 8
simple team, 0.5, True, 72.28, 2.782, 1, 0, 10
simple team, 0.5, True, 72.28, 2.862, 2, 0, 10
simple team, 0.5, True, 70.352, 2.645, 0, 0, 9
simple team, 0.5, True, 70.352, 2.551, 1, 0, 9
simple team, 0.5, True, 70.352, 2.757, 5, 0, 10
simple team, 0.5, True, 87.751, 3.342, 3, 0, 13
simple team, 0.5, True, 87.751, 3.185, 2, 0, 13
simple team, 0.5, True, 87.751, 2.967, 1, 0, 9
simple team, 0.5, True, 87.964, 3.084, 3, 0, 9
simple team, 0.5, True, 87.964, 3.118, 0, 0, 12
simple team, 0.5, True, 87.964, 3.754, 3, 0, 14
simple team, 0.5, True, 83.271, 2.982, 1, 0, 12
simple team, 0.5, True, 83.271, 3.24, 1, 0, 11
simple team, 0.5, True, 83.271, 2.878, 4, 0, 11
simple team, 0.5, True, 105.442, 3.962, 3, 0, 14
simple team, 0.5, True, 105.442, 3.909, 1, 0, 16
simple team, 0.5, True, 105.442, 4.181, 2, 0, 15
simple team, 0.5, True, 91.685, 3.549, 4, 0, 13
simple team, 0.5, True, 91.685, 3.549, 2, 0, 13
simple team, 0.5, True, 91.685, 3.45, 0, 0, 13
simple team, 0.5, True, 145.804, 5.247, 0, 0, 25
simple team, 0.5, True, 145.804, 5.049, 0, 0, 26
simple team, 0.5, True, 145.804, 5.398, 6, 0, 23
simple team, 0.5, True, 95.84, 3.753, 1, 0, 13
simple team, 0.5, True, 95.84, 3.694, 0, 0, 14
simple team, 0.5, True, 95.84, 4.07, 5, 0, 15
simple team, 0, True, 98.628, 3.732, 1, 0, 13
simple team, 0, True, 98.628, 3.672, 2, 0, 12
simple team, 0, True, 98.628, 3.596, 3, 0, 14
simple team, 0, True, 74.45, 2.586, 1, 0, 10
simple team, 0, True, 74.45, 2.453, 2, 0, 10
simple team, 0, True, 74.45, 2.8, 3, 0, 9
simple team, 0, True, 87.542, 3.261, 1, 0, 12
simple team, 0, True, 87.542, 3.354, 4, 0, 13
simple team, 0, True, 87.542, 3.036, 1, 0, 11
simple team, 0, True, 84.63, 3.24, 2, 0, 12
simple team, 0, True, 84.63, 3.175, 0, 0, 11
simple team, 0, True, 84.63, 2.997, 4, 0, 12
simple team, 0, True, 79.131, 3.41, 1, 0, 11
simple team, 0, True, 79.131, 2.862, 1, 0, 9
simple team, 0, True, 79.131, 2.848, 4, 0, 11
simple team, 0, True, 83.3, 3.103, 1, 0, 12
simple team, 0, True, 83.3, 2.901, 2, 0, 9
simple team, 0, True, 83.3, 3.005, 3, 0, 12
simple team, 0, True, 83.508, 3.537, 4, 0, 13
simple team, 0, True, 83.508, 3.268, 1, 0, 9
simple team, 0, True, 83.508, 3.035, 1, 0, 9
simple team, 0, True, 96.555, 10.043, 1, 0, 6
simple team, 0, True, 96.555, 9.367, 0, 0, 5
simple team, 0, True, 96.555, 3.81, 5, 0, 14
simple team, 0, True, 82.021, 3.264, 2, 0, 11
simple team, 0, True, 82.021, 2.978, 2, 0, 9
simple team, 0, True, 82.021, 3.131, 2, 0, 11
simple team, 0, True, 90.864, 3.917, 2, 0, 11
simple team, 0, True, 90.864, 3.731, 2, 0, 11
simple team, 0, True, 90.864, 3.366, 2, 0, 11
simple team, 0, True, 95.102, 3.571, 3, 0, 13
simple team, 0, True, 95.102, 3.707, 2, 0, 15
simple team, 0, True, 95.102, 6.201, 1, 0, 11
simple team, 0, True, 109.647, 4.091, 3, 0, 14
simple team, 0, True, 109.647, 3.968, 2, 0, 16
simple team, 0, True, 109.647, 4.112, 1, 0, 16
simple team, 0, True, 73.327, 2.684, 2, 0, 9
simple team, 0, True, 73.327, 3.026, 1, 0, 12
simple team, 0, True, 73.327, 2.711, 3, 0, 10
simple team, 0, True, 75.816, 2.565, 1, 0, 9
simple team, 0, True, 75.816, 2.646, 3, 0, 9
simple team, 0, True, 75.816, 3.027, 2, 0, 11
simple team, 0, True, 60.275, 2.218, 2, 0, 7
simple team, 0, True, 60.275, 2.241, 2, 0, 8
simple team, 0, True, 60.275, 2.046, 2, 0, 7
simple team, 0, True, 70.924, 2.845, 2, 0, 11
simple team, 0, True, 70.924, 2.397, 2, 0, 9
simple team, 0, True, 70.924, 2.534, 2, 0, 11
simple team, 0, True, 83.516, 3.472, 3, 0, 13
simple team, 0, True, 83.516, 3.062, 3, 0, 11
simple team, 0, True, 83.516, 2.903, 0, 0, 9
simple team, 0, True, 66.815, 2.413, 3, 0, 8
simple team, 0, True, 66.815, 2.75, 2, 0, 9
simple team, 0, True, 66.815, 2.387, 1, 0, 8
simple team, 0, True, 66.907, 2.792, 3, 0, 9
simple team, 0, True, 66.907, 2.407, 2, 0, 11
simple team, 0, True, 66.907, 2.295, 1, 0, 8
simple team, 0, True, 78.5, 2.621, 1, 0, 9
simple team, 0, True, 78.5, 3.001, 4, 0, 9
simple team, 0, True, 78.5, 3.084, 1, 0, 11
simple team, 0, True, 96.719, 3.267, 4, 0, 12
simple team, 0, True, 96.719, 3.616, 1, 0, 13
simple team, 0, True, 96.719, 3.763, 1, 0, 13
simple team, 0, True, 79.288, 2.949, 3, 0, 12
simple team, 0, True, 79.288, 3.189, 0, 0, 12
simple team, 0, True, 79.288, 2.863, 3, 0, 9
simple team, 0, True, 86.959, 3.527, 5, 0, 12
simple team, 0, True, 86.959, 3.332, 1, 0, 10
simple team, 0, True, 86.959, 3.113, 0, 0, 11
simple team, 0, True, 95.808, 3.677, 1, 0, 13
simple team, 0, True, 95.808, 3.653, 4, 0, 14
simple team, 0, True, 95.808, 3.532, 1, 0, 13
simple team, 0, True, 97.87, 3.559, 2, 0, 12
simple team, 0, True, 97.87, 3.763, 3, 0, 15
simple team, 0, True, 97.87, 3.893, 1, 0, 13
simple team, 0, True, 97.234, 3.585, 1, 0, 12
simple team, 0, True, 97.234, 3.608, 3, 0, 14
simple team, 0, True, 97.234, 4.718, 2, 0, 10
simple team, 0, True, 87.873, 3.819, 2, 0, 15
simple team, 0, True, 87.873, 2.863, 2, 0, 10
simple team, 0, True, 87.873, 3.308, 2, 0, 12
simple team, 0, True, 81.845, 3.583, 3, 0, 13
simple team, 0, True, 81.845, 2.905, 2, 0, 9
simple team, 0, True, 81.845, 3.341, 1, 0, 11
simple team, 0, True, 74.482, 2.749, 3, 0, 11
simple team, 0, True, 74.482, 2.779, 0, 0, 9
simple team, 0, True, 74.482, 3.095, 3, 0, 10
simple team, 0, True, 84.561, 3.05, 2, 0, 11
simple team, 0, True, 84.561, 2.892, 3, 0, 11
simple team, 0, True, 84.561, 3.638, 1, 0, 12
simple team, 0, True, 77.295, 2.825, 1, 0, 10
simple team, 0, True, 77.295, 2.698, 1, 0, 9
simple team, 0, True, 77.295, 3.066, 4, 0, 12
simple team, 0, True, 68.914, 2.506, 1, 0, 8
simple team, 0, True, 68.914, 3.847, 1, 0, 8
simple team, 0, True, 68.914, 2.647, 4, 0, 10
simple team, 0, True, 102.569, 3.933, 4, 0, 15
simple team, 0, True, 102.569, 3.69, 2, 0, 13
simple team, 0, True, 102.569, 3.616, 0, 0, 11
simple team, 0, True, 87.158, 3.329, 2, 0, 13
simple team, 0, True, 87.158, 3.145, 1, 0, 11
simple team, 0, True, 87.158, 3.482, 3, 0, 12
simple team, 0, True, 97.744, 3.693, 2, 0, 14
simple team, 0, True, 97.744, 3.55, 0, 0, 13
simple team, 0, True, 97.744, 3.781, 4, 0, 13
simple team, 0, True, 96.853, 3.488, 3, 0, 13
simple team, 0, True, 96.853, 3.386, 0, 0, 11
simple team, 0, True, 96.853, 4.016, 3, 0, 14
simple team, 0, True, 76.216, 2.856, 3, 0, 11
simple team, 0, True, 76.216, 2.557, 3, 0, 10
simple team, 0, True, 76.216, 2.966, 0, 0, 10
simple team, 0, True, 85.575, 3.151, 4, 0, 13
simple team, 0, True, 85.575, 3.126, 2, 0, 10
simple team, 0, True, 85.575, 2.874, 0, 0, 10
simple team, 0, True, 84.133, 3.294, 2, 0, 11
simple team, 0, True, 84.133, 3.226, 1, 0, 10
simple team, 0, True, 84.133, 3.177, 3, 0, 10
simple team, 0, True, 65.084, 2.123, 1, 0, 7
simple team, 0, True, 65.084, 2.685, 2, 0, 9
simple team, 0, True, 65.084, 2.223, 3, 0, 8
simple team, 0, True, 68.228, 2.225, 0, 0, 7
simple team, 0, True, 68.228, 2.369, 2, 0, 8
simple team, 0, True, 68.228, 2.752, 4, 0, 10
simple team, 0, True, 84.57, 3.312, 3, 0, 13
simple team, 0, True, 84.57, 3.411, 1, 0, 13
simple team, 0, True, 84.57, 3.047, 2, 0, 12
simple team, 0, True, 90.617, 3.051, 1, 0, 11
simple team, 0, True, 90.617, 3.21, 2, 0, 11
simple team, 0, True, 90.617, 3.336, 3, 0, 13
simple team, 0, True, 85.346, 3.115, 3, 0, 11
simple team, 0, True, 85.346, 3.392, 3, 0, 11
simple team, 0, True, 85.346, 3.639, 0, 0, 11
simple team, 0, True, 83.315, 3.191, 2, 0, 12
simple team, 0, True, 83.315, 3.161, 3, 0, 13
simple team, 0, True, 83.315, 3.309, 1, 0, 12
simple team, 0, True, 110.705, 4.032, 2, 0, 15
simple team, 0, True, 110.705, 4.097, 3, 0, 15
simple team, 0, True, 110.705, 4.022, 1, 0, 13
simple team, 0, True, 67.306, 2.463, 3, 0, 9
simple team, 0, True, 67.306, 3.389, 0, 0, 7
simple team, 0, True, 67.306, 2.564, 3, 0, 10
simple team, 0, True, 66.366, 2.59, 1, 0, 9
simple team, 0, True, 66.366, 2.622, 4, 0, 9
simple team, 0, True, 66.366, 2.381, 1, 0, 9
simple team, 0, True, 81.654, 3.271, 3, 0, 11
simple team, 0, True, 81.654, 3.045, 1, 0, 12
simple team, 0, True, 81.654, 3.108, 2, 0, 11
simple team, 0.05, True, 81.795, 3.206, 2, 0, 11
simple team, 0.05, True, 81.795, 3.097, 3, 0, 11
simple team, 0.05, True, 81.795, 3.137, 1, 0, 11
simple team, 0.05, True, 80.155, 2.734, 2, 0, 9
simple team, 0.05, True, 80.155, 2.83, 3, 0, 10
simple team, 0.05, True, 80.155, 2.972, 1, 0, 10
simple team, 0.05, True, 81.608, 3.197, 2, 0, 13
simple team, 0.05, True, 81.608, 3.215, 3, 0, 12
simple team, 0.05, True, 81.608, 2.879, 1, 0, 12
simple team, 0.05, True, 69.897, 2.41, 4, 0, 8
simple team, 0.05, True, 69.897, 2.391, 0, 0, 7
simple team, 0.05, True, 69.897, 2.992, 2, 0, 10
simple team, 0.05, True, 77.594, 2.852, 1, 0, 10
simple team, 0.05, True, 77.594, 3.036, 1, 0, 9
simple team, 0.05, True, 77.594, 2.813, 4, 0, 9
simple team, 0.05, True, 102.342, 3.688, 1, 0, 14
simple team, 0.05, True, 102.342, 4.109, 3, 0, 16
simple team, 0.05, True, 102.342, 3.667, 2, 0, 15
simple team, 0.05, True, 96.73, 3.504, 3, 0, 12
simple team, 0.05, True, 96.73, 3.603, 3, 0, 14
simple team, 0.05, True, 96.73, 3.276, 0, 0, 13
simple team, 0.05, True, 82.817, 3.226, 3, 0, 14
simple team, 0.05, True, 82.817, 3.035, 1, 0, 9
simple team, 0.05, True, 82.817, 2.97, 2, 0, 11
simple team, 0.05, True, 87.691, 3.106, 4, 0, 11
simple team, 0.05, True, 87.691, 2.935, 1, 0, 12
simple team, 0.05, True, 87.691, 2.953, 1, 0, 14
simple team, 0.05, True, 87.834, 3.264, 0, 0, 11
simple team, 0.05, True, 87.834, 3.704, 6, 0, 14
simple team, 0.05, True, 87.834, 3.501, 0, 0, 12
simple team, 0.05, True, 81.423, 2.713, 3, 0, 9
simple team, 0.05, True, 81.423, 2.825, 2, 0, 9
simple team, 0.05, True, 81.423, 2.834, 1, 0, 9
simple team, 0.05, True, 82.516, 3.252, 3, 0, 12
simple team, 0.05, True, 82.516, 3.156, 2, 0, 10
simple team, 0.05, True, 82.516, 3.045, 1, 0, 12
simple team, 0.05, True, 94.505, 3.587, 2, 0, 12
simple team, 0.05, True, 94.505, 3.703, 4, 0, 13
simple team, 0.05, True, 94.505, 6.594, 0, 0, 12
simple team, 0.05, True, 69.774, 2.741, 0, 0, 9
simple team, 0.05, True, 69.774, 2.796, 4, 0, 10
simple team, 0.05, True, 69.774, 2.299, 2, 0, 8
simple team, 0.05, True, 72.404, 2.698, 2, 0, 10
simple team, 0.05, True, 72.404, 3.038, 2, 0, 10
simple team, 0.05, True, 72.404, 2.562, 2, 0, 8
simple team, 0.05, True, 82.82, 3.261, 6, 0, 12
simple team, 0.05, True, 82.82, 2.932, 0, 0, 9
simple team, 0.05, True, 82.82, 2.853, 0, 0, 11
simple team, 0.05, True, 81.09, 3.057, 3, 0, 14
simple team, 0.05, True, 81.09, 3.356, 3, 0, 11
simple team, 0.05, True, 81.09, 3.101, 0, 0, 10
simple team, 0.05, True, 124.232, 4.667, 4, 0, 17
simple team, 0.05, True, 124.232, 4.734, 0, 0, 19
simple team, 0.05, True, 124.232, 4.674, 2, 0, 16
simple team, 0.05, True, 60.082, 2.598, 3, 0, 10
simple team, 0.05, True, 60.082, 2.476, 1, 0, 10
simple team, 0.05, True, 60.082, 2.149, 2, 0, 7
simple team, 0.05, True, 67.636, 2.632, 3, 0, 10
simple team, 0.05, True, 67.636, 2.313, 0, 0, 7
simple team, 0.05, True, 67.636, 2.557, 3, 0, 9
simple team, 0.05, True, 71.824, 2.8, 3, 0, 10
simple team, 0.05, True, 71.824, 2.653, 3, 0, 10
simple team, 0.05, True, 71.824, 2.59, 0, 0, 8
simple team, 0.05, True, 88.362, 5.105, 3, 0, 9
simple team, 0.05, True, 88.362, 3.637, 2, 0, 13
simple team, 0.05, True, 88.362, 3.239, 1, 0, 12
simple team, 0.05, True, 116.173, 4.381, 0, 0, 20
simple team, 0.05, True, 116.173, 4.152, 4, 0, 14
simple team, 0.05, True, 116.173, 4.045, 2, 0, 17
simple team, 0.05, True, 105.028, 4.057, 5, 0, 15
simple team, 0.05, True, 105.028, 3.875, 1, 0, 12
simple team, 0.05, True, 105.028, 4.01, 0, 0, 15
simple team, 0.05, True, 74.577, 2.799, 0, 0, 9
simple team, 0.05, True, 74.577, 2.884, 3, 0, 10
simple team, 0.05, True, 74.577, 2.788, 3, 0, 10
simple team, 0.05, True, 100.397, 3.589, 0, 0, 12
simple team, 0.05, True, 100.397, 3.416, 2, 0, 13
simple team, 0.05, True, 100.397, 3.81, 4, 0, 14
simple team, 0.05, True, 82.327, 3.002, 1, 0, 11
simple team, 0.05, True, 82.327, 3.36, 2, 0, 12
simple team, 0.05, True, 82.327, 3.04, 3, 0, 11
simple team, 0.05, True, 65.83, 2.466, 3, 0, 8
simple team, 0.05, True, 65.83, 2.481, 1, 0, 10
simple team, 0.05, True, 65.83, 2.579, 2, 0, 11
simple team, 0.05, True, 110.092, 4.307, 1, 0, 15
simple team, 0.05, True, 110.092, 4.188, 1, 0, 17
simple team, 0.05, True, 110.092, 3.987, 4, 0, 13
simple team, 0.05, True, 111.32, 4.07, 2, 0, 14
simple team, 0.05, True, 111.32, 4.073, 1, 0, 15
simple team, 0.05, True, 111.32, 3.776, 3, 0, 14
simple team, 0.05, True, 82.752, 3.017, 4, 0, 10
simple team, 0.05, True, 82.752, 3.084, 0, 0, 12
simple team, 0.05, True, 82.752, 3.155, 2, 0, 11
simple team, 0.05, True, 81.425, 3.502, 6, 0, 13
simple team, 0.05, True, 81.425, 3.42, 0, 0, 11
simple team, 0.05, True, 81.425, 3.366, 0, 0, 12
simple team, 0.05, True, 91.382, 3.425, 0, 0, 11
simple team, 0.05, True, 91.382, 3.676, 3, 0, 12
simple team, 0.05, True, 91.382, 3.403, 3, 0, 12
simple team, 0.05, True, 93.61, 3.566, 2, 0, 13
simple team, 0.05, True, 93.61, 3.137, 1, 0, 11
simple team, 0.05, True, 93.61, 3.644, 3, 0, 13
simple team, 0.05, True, 81.987, 2.979, 4, 0, 9
simple team, 0.05, True, 81.987, 3.318, 1, 0, 11
simple team, 0.05, True, 81.987, 4.089, 1, 0, 9
simple team, 0.05, True, 72.782, 2.861, 2, 0, 11
simple team, 0.05, True, 72.782, 2.558, 3, 0, 9
simple team, 0.05, True, 72.782, 2.615, 1, 0, 9
simple team, 0.05, True, 89.347, 3.754, 4, 0, 12
simple team, 0.05, True, 89.347, 3.146, 2, 0, 11
simple team, 0.05, True, 89.347, 3.358, 0, 0, 10
simple team, 0.05, True, 99.589, 3.631, 3, 0, 13
simple team, 0.05, True, 99.589, 3.522, 2, 0, 15
simple team, 0.05, True, 99.589, 3.514, 1, 0, 15
simple team, 0.05, True, 70.748, 2.865, 3, 0, 10
simple team, 0.05, True, 70.748, 2.857, 2, 0, 10
simple team, 0.05, True, 70.748, 2.644, 1, 0, 8
simple team, 0.05, True, 96.645, 3.72, 1, 0, 13
simple team, 0.05, True, 96.645, 3.69, 5, 0, 14
simple team, 0.05, True, 96.645, 3.887, 0, 0, 16
simple team, 0.05, True, 84.406, 3.331, 3, 0, 11
simple team, 0.05, True, 84.406, 3.052, 1, 0, 12
simple team, 0.05, True, 84.406, 3.135, 2, 0, 11
simple team, 0.05, True, 74.751, 2.702, 3, 0, 9
simple team, 0.05, True, 74.751, 2.734, 0, 0, 10
simple team, 0.05, True, 74.751, 2.856, 3, 0, 12
simple team, 0.05, True, 103.085, 3.82, 4, 0, 15
simple team, 0.05, True, 103.085, 4.026, 1, 0, 13
simple team, 0.05, True, 103.085, 3.505, 1, 0, 13
simple team, 0.05, True, 78.531, 3.045, 3, 0, 11
simple team, 0.05, True, 78.531, 2.991, 1, 0, 9
simple team, 0.05, True, 78.531, 2.926, 2, 0, 10
simple team, 0.05, True, 95.072, 3.386, 1, 0, 14
simple team, 0.05, True, 95.072, 3.337, 3, 0, 12
simple team, 0.05, True, 95.072, 3.658, 2, 0, 12
simple team, 0.05, True, 90.784, 3.165, 5, 0, 11
simple team, 0.05, True, 90.784, 3.617, 1, 0, 12
simple team, 0.05, True, 90.784, 3.666, 0, 0, 11
simple team, 0.05, True, 52.898, 1.931, 1, 0, 7
simple team, 0.05, True, 52.898, 2.125, 2, 0, 7
simple team, 0.05, True, 52.898, 2.393, 3, 0, 9
simple team, 0.05, True, 77.959, 2.695, 0, 0, 8
simple team, 0.05, True, 77.959, 3.269, 3, 0, 11
simple team, 0.05, True, 77.959, 2.653, 3, 0, 10
simple team, 0.05, True, 63.093, 4.946, 0, 0, 4
simple team, 0.05, True, 63.093, 2.307, 2, 0, 7
simple team, 0.05, True, 63.093, 2.68, 4, 0, 10
simple team, 0.05, True, 77.633, 3.022, 3, 0, 10
simple team, 0.05, True, 77.633, 3.058, 3, 0, 10
simple team, 0.05, True, 77.633, 2.976, 0, 0, 10
simple single, 0, True, 112.495, 2.86, 6, 0, 13
simple single, 0, True, 112.495, 3.105, 6, 0, 17
simple single, 0, True, 112.495, 2.983, 6, 0, 16
simple single, 0, True, 119.775, 3.123, 6, 0, 16
simple single, 0, True, 119.775, 3.491, 6, 0, 18
simple single, 0, True, 119.775, 2.608, 6, 0, 14
simple single, 0, True, 115.522, 2.809, 6, 0, 14
simple single, 0, True, 115.522, 4.137, 6, 0, 22
simple single, 0, True, 115.522, 3.04, 6, 0, 16
simple single, 0, True, 125.781, 2.42, 6, 0, 13
simple single, 0, True, 125.781, 2.799, 6, 0, 16
simple single, 0, True, 125.781, 3.25, 6, 0, 18
simple single, 0, True, 136.46, 2.806, 6, 0, 15
simple single, 0, True, 136.46, 3.125, 6, 0, 17
simple single, 0, True, 136.46, 3.452, 6, 0, 19
simple single, 0, True, 103.778, 2.599, 6, 0, 15
simple single, 0, True, 103.778, 2.688, 6, 0, 13
simple single, 0, True, 103.778, 3.25, 6, 0, 18
simple single, 0, True, 111.895, 3.294, 6, 0, 17
simple single, 0, True, 111.895, 2.619, 6, 0, 14
simple single, 0, True, 111.895, 2.852, 6, 0, 16
simple single, 0, True, 162.316, 3.171, 6, 0, 15
simple single, 0, True, 162.316, 3.028, 6, 0, 16
simple single, 0, True, 162.316, 2.26, 6, 0, 13
simple single, 0, True, 122.079, 3.347, 6, 0, 18
simple single, 0, True, 122.079, 2.461, 6, 0, 13
simple single, 0, True, 122.079, 2.521, 6, 0, 12
simple single, 0, True, 94.921, 3.186, 6, 0, 18
simple single, 0, True, 94.921, 2.364, 6, 0, 12
simple single, 0, True, 94.921, 3.092, 6, 0, 17
simple single, 0, True, 100.183, 2.924, 6, 0, 15
simple single, 0, True, 100.183, 2.821, 6, 0, 14
simple single, 0, True, 100.183, 2.724, 6, 0, 13
simple single, 0, True, 118.481, 3.039, 6, 0, 16
simple single, 0, True, 118.481, 3.02, 6, 0, 14
simple single, 0, True, 118.481, 2.561, 6, 0, 15
simple single, 0, True, 106.893, 2.702, 6, 0, 13
simple single, 0, True, 106.893, 2.6, 6, 0, 14
simple single, 0, True, 106.893, 2.841, 6, 0, 15
simple single, 0, True, 121.743, 2.932, 6, 0, 15
simple single, 0, True, 121.743, 2.845, 6, 0, 14
simple single, 0, True, 121.743, 3.088, 6, 0, 16
simple single, 0, True, 132.87, 2.854, 6, 0, 15
simple single, 0, True, 132.87, 2.604, 6, 0, 13
simple single, 0, True, 132.87, 3.335, 6, 0, 15
simple single, 0, True, 93.373, 2.386, 6, 0, 13
simple single, 0, True, 93.373, 2.686, 6, 0, 15
simple single, 0, True, 93.373, 2.502, 6, 0, 14
simple single, 0, True, 112.683, 2.723, 6, 0, 14
simple single, 0, True, 112.683, 2.801, 6, 0, 14
